,Unnamed: 0,Unnamed: 0.1,Disaster Type,Country,ISO,counts,latitude,Longitude
0,0,0,Animal accident,Niger (the),NER,1,16,8
1,111,111,Drought,Niger (the),NER,16,16,8
2,384,384,Epidemic,Niger (the),NER,44,16,8
3,646,646,Flood,Niger (the),NER,31,16,8
4,745,745,Insect infestation,Niger (the),NER,6,16,8
5,1004,1004,Storm,Niger (the),NER,1,16,8
215,36,36,Drought,Cabo Verde,CPV,10,16,-24
216,302,302,Epidemic,Cabo Verde,CPV,2,16,-24
217,551,551,Flood,Cabo Verde,CPV,1,16,-24
218,724,724,Insect infestation,Cabo Verde,CPV,2,16,-24
219,909,909,Storm,Cabo Verde,CPV,3,16,-24
220,1078,1078,Volcanic activity,Cabo Verde,CPV,2,16,-24
909,155,155,Drought,Viet Nam,VNM,7,16,106
910,436,436,Epidemic,Viet Nam,VNM,11,16,106
911,708,708,Flood,Viet Nam,VNM,94,16,106
912,758,758,Insect infestation,Viet Nam,VNM,1,16,106
913,854,854,Landslide,Viet Nam,VNM,6,16,106
914,1070,1070,Storm,Viet Nam,VNM,123,16,106
915,1193,1193,Wildfire,Viet Nam,VNM,1,16,106
6,1,1,Complex Disasters,Armenia,ARM,1,40,45
7,22,22,Drought,Armenia,ARM,1,40,45
8,166,166,Earthquake,Armenia,ARM,2,40,45
9,445,445,Extreme temperature,Armenia,ARM,1,40,45
10,532,532,Flood,Armenia,ARM,3,40,45
11,766,766,Landslide,Armenia,ARM,1,40,45
12,890,890,Storm,Armenia,ARM,4,40,45
58,8,8,Complex Disasters,Korea (the Democratic People's Republic of),PRK,1,40,127
59,86,86,Drought,Korea (the Democratic People's Republic of),PRK,4,40,127
60,352,352,Epidemic,Korea (the Democratic People's Republic of),PRK,3,40,127
61,482,482,Extreme temperature,Korea (the Democratic People's Republic of),PRK,1,40,127
62,613,613,Flood,Korea (the Democratic People's Republic of),PRK,28,40,127
63,970,970,Storm,Korea (the Democratic People's Republic of),PRK,10,40,127
798,135,135,Drought,Spain,ESP,4,40,-4
799,260,260,Earthquake,Spain,ESP,3,40,-4
800,414,414,Epidemic,Spain,ESP,3,40,-4
801,512,512,Extreme temperature,Spain,ESP,10,40,-4
802,681,681,Flood,Spain,ESP,36,40,-4
803,837,837,Landslide,Spain,ESP,1,40,-4
804,1044,1044,Storm,Spain,ESP,27,40,-4
805,1182,1182,Wildfire,Spain,ESP,17,40,-4
1023,272,272,Earthquake,Turkmenistan,TKM,1,40,60
1024,698,698,Flood,Turkmenistan,TKM,1,40,60
13,2,2,Complex Disasters,Bangladesh,BGD,1,24,90
14,25,25,Drought,Bangladesh,BGD,7,24,90
15,171,171,Earthquake,Bangladesh,BGD,9,24,90
16,291,291,Epidemic,Bangladesh,BGD,31,24,90
17,449,449,Extreme temperature,Bangladesh,BGD,24,24,90
18,537,537,Flood,Bangladesh,BGD,96,24,90
19,771,771,Landslide,Bangladesh,BGD,6,24,90
20,895,895,Storm,Bangladesh,BGD,181,24,90
1133,701,701,Flood,United Arab Emirates (the),ARE,1,24,54
21,3,3,Complex Disasters,Burundi,BDI,1,-3.5,30
22,35,35,Drought,Burundi,BDI,6,-3.5,30
23,178,178,Earthquake,Burundi,BDI,1,-3.5,30
24,301,301,Epidemic,Burundi,BDI,15,-3.5,30
25,550,550,Flood,Burundi,BDI,29,-3.5,30
26,776,776,Landslide,Burundi,BDI,3,-3.5,30
27,908,908,Storm,Burundi,BDI,7,-3.5,30
28,4,4,Complex Disasters,Cambodia,KHM,1,13,105
29,37,37,Drought,Cambodia,KHM,6,13,105
30,303,303,Epidemic,Cambodia,KHM,9,13,105
31,552,552,Flood,Cambodia,KHM,21,13,105
32,910,910,Storm,Cambodia,KHM,6,13,105
64,9,9,Complex Disasters,Nicaragua,NIC,1,13,-85
65,110,110,Drought,Nicaragua,NIC,6,13,-85
66,238,238,Earthquake,Nicaragua,NIC,10,13,-85
67,383,383,Epidemic,Nicaragua,NIC,13,13,-85
68,645,645,Flood,Nicaragua,NIC,23,13,-85
69,821,821,Landslide,Nicaragua,NIC,1,13,-85
70,1003,1003,Storm,Nicaragua,NIC,24,13,-85
71,1098,1098,Volcanic activity,Nicaragua,NIC,5,13,-85
72,1166,1166,Wildfire,Nicaragua,NIC,3,13,-85
211,34,34,Drought,Burkina Faso,BFA,14,13,-2
212,300,300,Epidemic,Burkina Faso,BFA,25,13,-2
213,549,549,Flood,Burkina Faso,BFA,23,13,-2
214,723,723,Insect infestation,Burkina Faso,BFA,3,13,-2
700,118,118,Drought,Philippines (the),PHL,10,13,122
701,243,243,Earthquake,Philippines (the),PHL,40,13,122
702,394,394,Epidemic,Philippines (the),PHL,22,13,122
703,656,656,Flood,Philippines (the),PHL,152,13,122
704,749,749,Insect infestation,Philippines (the),PHL,2,13,122
705,827,827,Landslide,Philippines (the),PHL,31,13,122
706,877,877,Mass movement (dry),Philippines (the),PHL,3,13,122
707,1017,1017,Storm,Philippines (the),PHL,370,13,122
708,1102,1102,Volcanic activity,Philippines (the),PHL,28,13,122
709,1171,1171,Wildfire,Philippines (the),PHL,1,13,122
33,5,5,Complex Disasters,Central African Republic,CAF,1,7,21
34,40,40,Drought,Central African Republic,CAF,1,7,21
35,306,306,Epidemic,Central African Republic,CAF,13,7,21
36,556,556,Flood,Central African Republic,CAF,17,7,21
37,914,914,Storm,Central African Republic,CAF,10,7,21
38,1125,1125,Wildfire,Central African Republic,CAF,2,7,21
806,136,136,Drought,Sri Lanka,LKA,12,7,81
807,261,261,Earthquake,Sri Lanka,LKA,1,7,81
808,415,415,Epidemic,Sri Lanka,LKA,11,7,81
809,682,682,Flood,Sri Lanka,LKA,74,7,81
810,838,838,Landslide,Sri Lanka,LKA,6,7,81
811,1045,1045,Storm,Sri Lanka,LKA,11,7,81
39,6,6,Complex Disasters,Comoros (the),COM,1,-12.1667,44.25
40,45,45,Drought,Comoros (the),COM,1,-12.1667,44.25
41,183,183,Earthquake,Comoros (the),COM,1,-12.1667,44.25
42,311,311,Epidemic,Comoros (the),COM,6,-12.1667,44.25
43,561,561,Flood,Comoros (the),COM,2,-12.1667,44.25
44,919,919,Storm,Comoros (the),COM,9,-12.1667,44.25
45,1082,1082,Volcanic activity,Comoros (the),COM,6,-12.1667,44.25
46,7,7,Complex Disasters,India,IND,1,20,77
47,75,75,Drought,India,IND,16,20,77
48,210,210,Earthquake,India,IND,26,20,77
49,339,339,Epidemic,India,IND,70,20,77
50,475,475,Extreme temperature,India,IND,60,20,77
51,600,600,Flood,India,IND,306,20,77
52,716,716,Glacial lake outburst,India,IND,1,20,77
53,734,734,Insect infestation,India,IND,1,20,77
54,801,801,Landslide,India,IND,51,20,77
55,865,865,Mass movement (dry),India,IND,2,20,77
56,958,958,Storm,India,IND,203,20,77
57,1147,1147,Wildfire,India,IND,4,20,77
585,99,99,Drought,Mauritania,MRT,15,20,-12
586,369,369,Epidemic,Mauritania,MRT,6,20,-12
587,631,631,Flood,Mauritania,MRT,19,20,-12
588,742,742,Insect infestation,Mauritania,MRT,4,20,-12
589,988,988,Storm,Mauritania,MRT,3,20,-12
73,10,10,Complex Disasters,Panama,PAN,1,9,-80
74,114,114,Drought,Panama,PAN,4,9,-80
75,240,240,Earthquake,Panama,PAN,4,9,-80
76,390,390,Epidemic,Panama,PAN,5,9,-80
77,652,652,Flood,Panama,PAN,38,9,-80
78,1013,1013,Storm,Panama,PAN,8,9,-80
79,1167,1167,Wildfire,Panama,PAN,1,9,-80
581,98,98,Drought,Marshall Islands (the),MHL,2,9,168
582,367,367,Epidemic,Marshall Islands (the),MHL,1,9,168
583,630,630,Flood,Marshall Islands (the),MHL,2,9,168
584,986,986,Storm,Marshall Islands (the),MHL,2,9,168
80,12,12,Complex Disasters,Sudan (the),SDN,1,15,30
81,137,137,Drought,Sudan (the),SDN,9,15,30
82,262,262,Earthquake,Sudan (the),SDN,2,15,30
83,416,416,Epidemic,Sudan (the),SDN,40,15,30
84,513,513,Extreme temperature,Sudan (the),SDN,1,15,30
85,683,683,Flood,Sudan (the),SDN,40,15,30
86,753,753,Insect infestation,Sudan (the),SDN,6,15,30
87,1046,1046,Storm,Sudan (the),SDN,2,15,30
88,1183,1183,Wildfire,Sudan (the),SDN,1,15,30
94,14,14,Complex Disasters,Yemen,YEM,1,15,48
95,280,280,Earthquake,Yemen,YEM,1,15,48
96,437,437,Epidemic,Yemen,YEM,8,15,48
97,709,709,Flood,Yemen,YEM,34,15,48
98,855,855,Landslide,Yemen,YEM,3,15,48
99,1074,1074,Storm,Yemen,YEM,6,15,48
100,1111,1111,Volcanic activity,Yemen,YEM,1,15,48
236,41,41,Drought,Chad,TCD,11,15,19
237,307,307,Epidemic,Chad,TCD,23,15,19
238,557,557,Flood,Chad,TCD,20,15,19
239,726,726,Insect infestation,Chad,TCD,5,15,19
240,779,779,Landslide,Chad,TCD,1,15,19
241,915,915,Storm,Chad,TCD,3,15,19
342,58,58,Drought,Eritrea,ERI,3,15,39
343,575,575,Flood,Eritrea,ERI,2,15,39
344,730,730,Insect infestation,Eritrea,ERI,2,15,39
345,934,934,Storm,Eritrea,ERI,1,15,39
424,72,72,Drought,Honduras,HND,12,15,-86.5
425,207,207,Earthquake,Honduras,HND,3,15,-86.5
426,337,337,Epidemic,Honduras,HND,10,15,-86.5
427,596,596,Flood,Honduras,HND,38,15,-86.5
428,798,798,Landslide,Honduras,HND,1,15,-86.5
429,864,864,Mass movement (dry),Honduras,HND,1,15,-86.5
430,955,955,Storm,Honduras,HND,26,15,-86.5
431,1145,1145,Wildfire,Honduras,HND,1,15,-86.5
840,142,142,Drought,Thailand,THA,12,15,100
841,266,266,Earthquake,Thailand,THA,4,15,100
842,424,424,Epidemic,Thailand,THA,7,15,100
843,518,518,Extreme temperature,Thailand,THA,2,15,100
844,692,692,Flood,Thailand,THA,83,15,100
845,845,845,Landslide,Thailand,THA,3,15,100
846,1054,1054,Storm,Thailand,THA,41,15,100
847,1188,1188,Wildfire,Thailand,THA,1,15,100
794,133,133,Drought,South Sudan,SSD,2,8,30
795,412,412,Epidemic,South Sudan,SSD,7,8,30
796,679,679,Flood,South Sudan,SSD,13,8,30
797,1180,1180,Wildfire,South Sudan,SSD,1,8,30
89,13,13,Complex Disasters,Togo,TGO,1,8,1.1667
90,144,144,Drought,Togo,TGO,3,8,1.1667
91,426,426,Epidemic,Togo,TGO,12,8,1.1667
92,694,694,Flood,Togo,TGO,13,8,1.1667
93,1056,1056,Storm,Togo,TGO,1,8,1.1667
378,64,64,Drought,Ghana,GHA,3,8,-2
379,200,200,Earthquake,Ghana,GHA,1,8,-2
380,331,331,Epidemic,Ghana,GHA,22,8,-2
381,587,587,Flood,Ghana,GHA,25,8,-2
382,946,946,Storm,Ghana,GHA,1,8,-2
383,1140,1140,Wildfire,Ghana,GHA,1,8,-2
309,52,52,Drought,Côte d’Ivoire,CIV,1,8,-5
310,318,318,Epidemic,Côte d’Ivoire,CIV,14,8,-5
311,569,569,Flood,Côte d’Ivoire,CIV,14,8,-5
312,787,787,Landslide,Côte d’Ivoire,CIV,1,8,-5
346,59,59,Drought,Ethiopia,ETH,16,8,38
347,194,194,Earthquake,Ethiopia,ETH,2,8,38
348,325,325,Epidemic,Ethiopia,ETH,28,8,38
349,576,576,Flood,Ethiopia,ETH,57,8,38
350,731,731,Insect infestation,Ethiopia,ETH,5,8,38
351,790,790,Landslide,Ethiopia,ETH,7,8,38
352,862,862,Mass movement (dry),Ethiopia,ETH,1,8,38
353,1087,1087,Volcanic activity,Ethiopia,ETH,3,8,38
354,1136,1136,Wildfire,Ethiopia,ETH,1,8,38
903,154,154,Drought,Venezuela (Bolivarian Republic of),VEN,1,8,-66
904,278,278,Earthquake,Venezuela (Bolivarian Republic of),VEN,7,8,-66
905,435,435,Epidemic,Venezuela (Bolivarian Republic of),VEN,7,8,-66
906,707,707,Flood,Venezuela (Bolivarian Republic of),VEN,35,8,-66
907,853,853,Landslide,Venezuela (Bolivarian Republic of),VEN,4,8,-66
908,1069,1069,Storm,Venezuela (Bolivarian Republic of),VEN,4,8,-66
101,15,15,Drought,Afghanistan,AFG,8,33,65
102,161,161,Earthquake,Afghanistan,AFG,33,33,65
103,283,283,Epidemic,Afghanistan,AFG,20,33,65
104,441,441,Extreme temperature,Afghanistan,AFG,7,33,65
105,525,525,Flood,Afghanistan,AFG,96,33,65
106,718,718,Insect infestation,Afghanistan,AFG,1,33,65
107,761,761,Landslide,Afghanistan,AFG,27,33,65
108,883,883,Storm,Afghanistan,AFG,9,33,65
109,1112,1112,Wildfire,Afghanistan,AFG,1,33,65
462,78,78,Drought,Iraq,IRQ,2,33,44
463,213,213,Earthquake,Iraq,IRQ,2,33,44
464,342,342,Epidemic,Iraq,IRQ,7,33,44
465,603,603,Flood,Iraq,IRQ,15,33,44
110,16,16,Drought,Albania,ALB,1,41,20
111,162,162,Earthquake,Albania,ALB,16,41,20
112,284,284,Epidemic,Albania,ALB,2,41,20
113,442,442,Extreme temperature,Albania,ALB,5,41,20
114,526,526,Flood,Albania,ALB,15,41,20
115,762,762,Landslide,Albania,ALB,1,41,20
116,884,884,Storm,Albania,ALB,2,41,20
117,1113,1113,Wildfire,Albania,ALB,1,41,20
525,88,88,Drought,Kyrgyzstan,KGZ,1,41,75
526,222,222,Earthquake,Kyrgyzstan,KGZ,9,41,75
527,355,355,Epidemic,Kyrgyzstan,KGZ,3,41,75
528,484,484,Extreme temperature,Kyrgyzstan,KGZ,2,41,75
529,616,616,Flood,Kyrgyzstan,KGZ,4,41,75
530,811,811,Landslide,Kyrgyzstan,KGZ,9,41,75
531,972,972,Storm,Kyrgyzstan,KGZ,2,41,75
897,153,153,Drought,Uzbekistan,UZB,1,41,64
898,276,276,Earthquake,Uzbekistan,UZB,2,41,64
899,433,433,Epidemic,Uzbekistan,UZB,1,41,64
900,705,705,Flood,Uzbekistan,UZB,2,41,64
901,851,851,Landslide,Uzbekistan,UZB,1,41,64
902,882,882,Mass movement (dry),Uzbekistan,UZB,1,41,64
118,17,17,Drought,Algeria,DZA,1,28,3
119,163,163,Earthquake,Algeria,DZA,21,28,3
120,285,285,Epidemic,Algeria,DZA,2,28,3
121,443,443,Extreme temperature,Algeria,DZA,3,28,3
122,527,527,Flood,Algeria,DZA,51,28,3
123,719,719,Insect infestation,Algeria,DZA,2,28,3
124,763,763,Landslide,Algeria,DZA,1,28,3
125,885,885,Storm,Algeria,DZA,4,28,3
126,1114,1114,Wildfire,Algeria,DZA,2,28,3
640,108,108,Drought,Nepal,NPL,6,28,84
641,235,235,Earthquake,Nepal,NPL,7,28,84
642,379,379,Epidemic,Nepal,NPL,20,28,84
643,495,495,Extreme temperature,Nepal,NPL,8,28,84
644,642,642,Flood,Nepal,NPL,51,28,84
645,819,819,Landslide,Nepal,NPL,25,28,84
646,873,873,Mass movement (dry),Nepal,NPL,1,28,84
647,998,998,Storm,Nepal,NPL,8,28,84
648,1164,1164,Wildfire,Nepal,NPL,3,28,84
127,18,18,Drought,Angola,AGO,8,-12.5,18.5
128,286,286,Epidemic,Angola,AGO,20,-12.5,18.5
129,529,529,Flood,Angola,AGO,43,-12.5,18.5
130,764,764,Landslide,Angola,AGO,1,-12.5,18.5
131,19,19,Drought,Anguilla,AIA,1,18.25,-63.1667
132,287,287,Epidemic,Anguilla,AIA,5,18.25,-63.1667
133,530,530,Flood,Anguilla,AIA,1,18.25,-63.1667
134,887,887,Storm,Anguilla,AIA,7,18.25,-63.1667
483,81,81,Drought,Jamaica,JAM,4,18.25,-77.5
484,216,216,Earthquake,Jamaica,JAM,1,18.25,-77.5
485,346,346,Epidemic,Jamaica,JAM,5,18.25,-77.5
486,607,607,Flood,Jamaica,JAM,13,18.25,-77.5
487,806,806,Landslide,Jamaica,JAM,1,18.25,-77.5
488,867,867,Mass movement (dry),Jamaica,JAM,1,18.25,-77.5
489,964,964,Storm,Jamaica,JAM,31,18.25,-77.5
722,121,121,Drought,Puerto Rico,PRI,1,18.25,-66.5
723,246,246,Earthquake,Puerto Rico,PRI,3,18.25,-66.5
724,659,659,Flood,Puerto Rico,PRI,8,18.25,-66.5
725,828,828,Landslide,Puerto Rico,PRI,2,18.25,-66.5
726,1020,1020,Storm,Puerto Rico,PRI,23,18.25,-66.5
135,20,20,Drought,Antigua and Barbuda,ATG,1,17.05,-61.8
136,888,888,Storm,Antigua and Barbuda,ATG,12,17.05,-61.8
137,21,21,Drought,Argentina,ARG,4,-34,-64
138,165,165,Earthquake,Argentina,ARG,5,-34,-64
139,288,288,Epidemic,Argentina,ARG,2,-34,-64
140,444,444,Extreme temperature,Argentina,ARG,8,-34,-64
141,531,531,Flood,Argentina,ARG,66,-34,-64
142,765,765,Landslide,Argentina,ARG,5,-34,-64
143,889,889,Storm,Argentina,ARG,23,-34,-64
144,1076,1076,Volcanic activity,Argentina,ARG,4,-34,-64
145,1115,1115,Wildfire,Argentina,ARG,5,-34,-64
146,23,23,Drought,Australia,AUS,11,-27,133
147,167,167,Earthquake,Australia,AUS,3,-27,133
148,289,289,Epidemic,Australia,AUS,2,-27,133
149,446,446,Extreme temperature,Australia,AUS,7,-27,133
150,533,533,Flood,Australia,AUS,65,-27,133
151,720,720,Insect infestation,Australia,AUS,2,-27,133
152,767,767,Landslide,Australia,AUS,2,-27,133
153,891,891,Storm,Australia,AUS,109,-27,133
154,1116,1116,Wildfire,Australia,AUS,42,-27,133
155,24,24,Drought,Azerbaijan,AZE,1,40.5,47.5
156,169,169,Earthquake,Azerbaijan,AZE,6,40.5,47.5
157,448,448,Extreme temperature,Azerbaijan,AZE,1,40.5,47.5
158,535,535,Flood,Azerbaijan,AZE,7,40.5,47.5
159,769,769,Landslide,Azerbaijan,AZE,1,40.5,47.5
160,26,26,Drought,Barbados,BRB,1,13.1667,-59.5333
161,172,172,Earthquake,Barbados,BRB,1,13.1667,-59.5333
162,538,538,Flood,Barbados,BRB,2,13.1667,-59.5333
163,896,896,Storm,Barbados,BRB,8,13.1667,-59.5333
164,27,27,Drought,Belgium,BEL,1,50.8333,4
165,173,173,Earthquake,Belgium,BEL,2,50.8333,4
166,293,293,Epidemic,Belgium,BEL,1,50.8333,4
167,451,451,Extreme temperature,Belgium,BEL,14,50.8333,4
168,540,540,Flood,Belgium,BEL,23,50.8333,4
169,898,898,Storm,Belgium,BEL,30,50.8333,4
170,28,28,Drought,Benin,BEN,2,9.5,2.25
171,294,294,Epidemic,Benin,BEN,26,9.5,2.25
172,542,542,Flood,Benin,BEN,20,9.5,2.25
173,900,900,Storm,Benin,BEN,1,9.5,2.25
174,1117,1117,Wildfire,Benin,BEN,3,9.5,2.25
175,29,29,Drought,Bolivia (Plurinational State of),BOL,13,-17,-65
176,175,175,Earthquake,Bolivia (Plurinational State of),BOL,2,-17,-65
177,296,296,Epidemic,Bolivia (Plurinational State of),BOL,13,-17,-65
178,453,453,Extreme temperature,Bolivia (Plurinational State of),BOL,5,-17,-65
179,544,544,Flood,Bolivia (Plurinational State of),BOL,49,-17,-65
180,772,772,Landslide,Bolivia (Plurinational State of),BOL,9,-17,-65
181,903,903,Storm,Bolivia (Plurinational State of),BOL,2,-17,-65
182,1077,1077,Volcanic activity,Bolivia (Plurinational State of),BOL,1,-17,-65
183,1119,1119,Wildfire,Bolivia (Plurinational State of),BOL,5,-17,-65
998,252,252,Earthquake,Serbia,SRB,1,44,21
999,507,507,Extreme temperature,Serbia,SRB,9,44,21
1000,670,670,Flood,Serbia,SRB,16,44,21
184,30,30,Drought,Bosnia and Herzegovina,BIH,2,44,18
185,297,297,Epidemic,Bosnia and Herzegovina,BIH,1,44,18
186,454,454,Extreme temperature,Bosnia and Herzegovina,BIH,4,44,18
187,545,545,Flood,Bosnia and Herzegovina,BIH,16,44,18
188,773,773,Landslide,Bosnia and Herzegovina,BIH,1,44,18
189,904,904,Storm,Bosnia and Herzegovina,BIH,2,44,18
190,31,31,Drought,Botswana,BWA,7,-22,24
191,298,298,Epidemic,Botswana,BWA,3,-22,24
192,546,546,Flood,Botswana,BWA,11,-22,24
193,721,721,Insect infestation,Botswana,BWA,1,-22,24
194,905,905,Storm,Botswana,BWA,1,-22,24
637,107,107,Drought,Namibia,NAM,9,-22,17
638,378,378,Epidemic,Namibia,NAM,7,-22,17
639,641,641,Flood,Namibia,NAM,15,-22,17
195,32,32,Drought,Brazil,BRA,19,-10,-55
196,176,176,Earthquake,Brazil,BRA,2,-10,-55
197,299,299,Epidemic,Brazil,BRA,18,-10,-55
198,455,455,Extreme temperature,Brazil,BRA,8,-10,-55
199,547,547,Flood,Brazil,BRA,147,-10,-55
200,722,722,Insect infestation,Brazil,BRA,1,-10,-55
201,774,774,Landslide,Brazil,BRA,25,-10,-55
202,906,906,Storm,Brazil,BRA,20,-10,-55
203,1120,1120,Wildfire,Brazil,BRA,4,-10,-55
689,117,117,Drought,Peru,PER,8,-10,-76
690,242,242,Earthquake,Peru,PER,52,-10,-76
691,393,393,Epidemic,Peru,PER,14,-10,-76
692,502,502,Extreme temperature,Peru,PER,12,-10,-76
693,655,655,Flood,Peru,PER,61,-10,-76
694,748,748,Insect infestation,Peru,PER,1,-10,-76
695,826,826,Landslide,Peru,PER,34,-10,-76
696,876,876,Mass movement (dry),Peru,PER,2,-10,-76
697,1016,1016,Storm,Peru,PER,4,-10,-76
698,1101,1101,Volcanic activity,Peru,PER,4,-10,-76
699,1170,1170,Wildfire,Peru,PER,2,-10,-76
204,33,33,Drought,Bulgaria,BGR,2,43,25
205,177,177,Earthquake,Bulgaria,BGR,6,43,25
206,456,456,Extreme temperature,Bulgaria,BGR,9,43,25
207,548,548,Flood,Bulgaria,BGR,20,43,25
208,775,775,Landslide,Bulgaria,BGR,1,43,25
209,907,907,Storm,Bulgaria,BGR,6,43,25
210,1122,1122,Wildfire,Bulgaria,BGR,4,43,25
221,38,38,Drought,Cameroon,CMR,5,6,12
222,304,304,Epidemic,Cameroon,CMR,25,6,12
223,553,553,Flood,Cameroon,CMR,17,6,12
224,725,725,Insect infestation,Cameroon,CMR,2,6,12
225,777,777,Landslide,Cameroon,CMR,2,6,12
226,1079,1079,Volcanic activity,Cameroon,CMR,3,6,12
227,39,39,Drought,Canada,CAN,5,60,-95
228,179,179,Earthquake,Canada,CAN,1,60,-95
229,305,305,Epidemic,Canada,CAN,7,60,-95
230,457,457,Extreme temperature,Canada,CAN,6,60,-95
231,554,554,Flood,Canada,CAN,44,60,-95
232,778,778,Landslide,Canada,CAN,3,60,-95
233,857,857,Mass movement (dry),Canada,CAN,5,60,-95
234,911,911,Storm,Canada,CAN,46,60,-95
235,1123,1123,Wildfire,Canada,CAN,24,60,-95
734,123,123,Drought,Russian Federation (the),RUS,5,60,100
735,248,248,Earthquake,Russian Federation (the),RUS,10,60,100
736,396,396,Epidemic,Russian Federation (the),RUS,10,60,100
737,506,506,Extreme temperature,Russian Federation (the),RUS,21,60,100
738,662,662,Flood,Russian Federation (the),RUS,66,60,100
739,717,717,Impact,Russian Federation (the),RUS,1,60,100
740,750,750,Insect infestation,Russian Federation (the),RUS,1,60,100
741,830,830,Landslide,Russian Federation (the),RUS,9,60,100
742,1022,1022,Storm,Russian Federation (the),RUS,21,60,100
743,1174,1174,Wildfire,Russian Federation (the),RUS,24,60,100
242,42,42,Drought,Chile,CHL,2,-30,-71
243,180,180,Earthquake,Chile,CHL,28,-30,-71
244,308,308,Epidemic,Chile,CHL,1,-30,-71
245,459,459,Extreme temperature,Chile,CHL,9,-30,-71
246,558,558,Flood,Chile,CHL,35,-30,-71
247,780,780,Landslide,Chile,CHL,5,-30,-71
248,916,916,Storm,Chile,CHL,15,-30,-71
249,1080,1080,Volcanic activity,Chile,CHL,9,-30,-71
250,1126,1126,Wildfire,Chile,CHL,13,-30,-71
251,43,43,Drought,China,CHN,40,35,105
252,181,181,Earthquake,China,CHN,195,35,105
253,309,309,Epidemic,China,CHN,10,35,105
254,460,460,Extreme temperature,China,CHN,14,35,105
255,559,559,Flood,China,CHN,307,35,105
256,727,727,Insect infestation,China,CHN,1,35,105
257,781,781,Landslide,China,CHN,74,35,105
258,858,858,Mass movement (dry),China,CHN,7,35,105
259,917,917,Storm,China,CHN,314,35,105
260,1127,1127,Wildfire,China,CHN,8,35,105
303,51,51,Drought,Cyprus,CYP,2,35,33
304,188,188,Earthquake,Cyprus,CYP,2,35,33
305,317,317,Epidemic,Cyprus,CYP,2,35,33
306,462,462,Extreme temperature,Cyprus,CYP,3,35,33
307,925,925,Storm,Cyprus,CYP,4,35,33
308,1133,1133,Wildfire,Cyprus,CYP,1,35,33
817,139,139,Drought,Syrian Arab Republic,SYR,2,35,38
818,420,420,Epidemic,Syrian Arab Republic,SYR,2,35,38
819,688,688,Flood,Syrian Arab Republic,SYR,5,35,38
820,841,841,Landslide,Syrian Arab Republic,SYR,1,35,38
821,1050,1050,Storm,Syrian Arab Republic,SYR,4,35,38
822,1186,1186,Wildfire,Syrian Arab Republic,SYR,1,35,38
261,44,44,Drought,Colombia,COL,2,4,-72
262,182,182,Earthquake,Colombia,COL,30,4,-72
263,310,310,Epidemic,Colombia,COL,6,4,-72
264,560,560,Flood,Colombia,COL,89,4,-72
265,728,728,Insect infestation,Colombia,COL,1,4,-72
266,782,782,Landslide,Colombia,COL,44,4,-72
267,859,859,Mass movement (dry),Colombia,COL,3,4,-72
268,918,918,Storm,Colombia,COL,11,4,-72
269,1081,1081,Volcanic activity,Colombia,COL,11,4,-72
270,1128,1128,Wildfire,Colombia,COL,3,4,-72
1132,684,684,Flood,Suriname,SUR,3,4,-56
1119,580,580,Flood,French Guiana,GUF,2,4,-53
1120,792,792,Landslide,French Guiana,GUF,1,4,-53
271,46,46,Drought,Congo (the Democratic Republic of the),COD,2,0,25
272,184,184,Earthquake,Congo (the Democratic Republic of the),COD,5,0,25
273,312,312,Epidemic,Congo (the Democratic Republic of the),COD,77,0,25
274,562,562,Flood,Congo (the Democratic Republic of the),COD,35,0,25
275,783,783,Landslide,Congo (the Democratic Republic of the),COD,8,0,25
276,920,920,Storm,Congo (the Democratic Republic of the),COD,5,0,25
277,1083,1083,Volcanic activity,Congo (the Democratic Republic of the),COD,3,0,25
278,1129,1129,Wildfire,Congo (the Democratic Republic of the),COD,3,0,25
279,47,47,Drought,Congo (the),COG,1,-1,15
280,313,313,Epidemic,Congo (the),COG,19,-1,15
281,563,563,Flood,Congo (the),COG,13,-1,15
282,784,784,Landslide,Congo (the),COG,1,-1,15
1048,328,328,Epidemic,Gabon,GAB,8,-1,11.75
1049,582,582,Flood,Gabon,GAB,2,-1,11.75
1050,940,940,Storm,Gabon,GAB,3,-1,11.75
658,112,112,Drought,Nigeria,NGA,1,10,8
659,385,385,Epidemic,Nigeria,NGA,66,10,8
660,498,498,Extreme temperature,Nigeria,NGA,2,10,8
661,647,647,Flood,Nigeria,NGA,54,10,8
662,746,746,Insect infestation,Nigeria,NGA,2,10,8
663,822,822,Landslide,Nigeria,NGA,3,10,8
664,1005,1005,Storm,Nigeria,NGA,6,10,8
283,48,48,Drought,Costa Rica,CRI,5,10,-84
284,185,185,Earthquake,Costa Rica,CRI,17,10,-84
285,315,315,Epidemic,Costa Rica,CRI,3,10,-84
286,564,564,Flood,Costa Rica,CRI,29,10,-84
287,785,785,Landslide,Costa Rica,CRI,1,10,-84
288,922,922,Storm,Costa Rica,CRI,10,10,-84
289,1084,1084,Volcanic activity,Costa Rica,CRI,7,10,-84
290,1130,1130,Wildfire,Costa Rica,CRI,2,10,-84
780,131,131,Drought,Somalia,SOM,16,10,49
781,257,257,Earthquake,Somalia,SOM,1,10,49
782,410,410,Epidemic,Somalia,SOM,29,10,49
783,677,677,Flood,Somalia,SOM,45,10,49
784,752,752,Insect infestation,Somalia,SOM,1,10,49
785,1041,1041,Storm,Somalia,SOM,7,10,49
291,49,49,Drought,Croatia,HRV,1,45.1667,15.5
292,186,186,Earthquake,Croatia,HRV,3,45.1667,15.5
293,461,461,Extreme temperature,Croatia,HRV,6,45.1667,15.5
294,565,565,Flood,Croatia,HRV,12,45.1667,15.5
295,923,923,Storm,Croatia,HRV,2,45.1667,15.5
296,1131,1131,Wildfire,Croatia,HRV,6,45.1667,15.5
297,50,50,Drought,Cuba,CUB,7,21.5,-80
298,187,187,Earthquake,Cuba,CUB,2,21.5,-80
299,316,316,Epidemic,Cuba,CUB,2,21.5,-80
300,566,566,Flood,Cuba,CUB,24,21.5,-80
301,924,924,Storm,Cuba,CUB,47,21.5,-80
302,1132,1132,Wildfire,Cuba,CUB,2,21.5,-80
547,92,92,Drought,Lithuania,LTU,3,56,24
548,487,487,Extreme temperature,Lithuania,LTU,6,56,24
549,622,622,Flood,Lithuania,LTU,2,56,24
550,978,978,Storm,Lithuania,LTU,3,56,24
313,53,53,Drought,Denmark,DNK,1,56,10
314,928,928,Storm,Denmark,DNK,15,56,10
315,54,54,Drought,Djibouti,DJI,9,11.5,43
316,319,319,Epidemic,Djibouti,DJI,5,11.5,43
317,570,570,Flood,Djibouti,DJI,9,11.5,43
318,729,729,Insect infestation,Djibouti,DJI,1,11.5,43
319,929,929,Storm,Djibouti,DJI,2,11.5,43
320,55,55,Drought,Dominican Republic (the),DOM,1,19,-70.6667
321,190,190,Earthquake,Dominican Republic (the),DOM,2,19,-70.6667
322,320,320,Epidemic,Dominican Republic (the),DOM,9,19,-70.6667
323,571,571,Flood,Dominican Republic (the),DOM,29,19,-70.6667
324,931,931,Storm,Dominican Republic (the),DOM,39,19,-70.6667
325,1134,1134,Wildfire,Dominican Republic (the),DOM,3,19,-70.6667
418,71,71,Drought,Haiti,HTI,9,19,-72.4167
419,206,206,Earthquake,Haiti,HTI,3,19,-72.4167
420,336,336,Epidemic,Haiti,HTI,8,19,-72.4167
421,595,595,Flood,Haiti,HTI,61,19,-72.4167
422,797,797,Landslide,Haiti,HTI,2,19,-72.4167
423,954,954,Storm,Haiti,HTI,45,19,-72.4167
744,124,124,Drought,Rwanda,RWA,6,-2,30
745,249,249,Earthquake,Rwanda,RWA,2,-2,30
746,397,397,Epidemic,Rwanda,RWA,12,-2,30
747,663,663,Flood,Rwanda,RWA,23,-2,30
748,831,831,Landslide,Rwanda,RWA,5,-2,30
749,1023,1023,Storm,Rwanda,RWA,2,-2,30
326,56,56,Drought,Ecuador,ECU,4,-2,-77.5
327,191,191,Earthquake,Ecuador,ECU,19,-2,-77.5
328,321,321,Epidemic,Ecuador,ECU,13,-2,-77.5
329,572,572,Flood,Ecuador,ECU,34,-2,-77.5
330,788,788,Landslide,Ecuador,ECU,16,-2,-77.5
331,860,860,Mass movement (dry),Ecuador,ECU,1,-2,-77.5
332,1085,1085,Volcanic activity,Ecuador,ECU,14,-2,-77.5
333,1135,1135,Wildfire,Ecuador,ECU,3,-2,-77.5
334,57,57,Drought,El Salvador,SLV,7,13.8333,-88.9167
335,193,193,Earthquake,El Salvador,SLV,11,13.8333,-88.9167
336,323,323,Epidemic,El Salvador,SLV,11,13.8333,-88.9167
337,466,466,Extreme temperature,El Salvador,SLV,1,13.8333,-88.9167
338,574,574,Flood,El Salvador,SLV,17,13.8333,-88.9167
339,789,789,Landslide,El Salvador,SLV,3,13.8333,-88.9167
340,933,933,Storm,El Salvador,SLV,19,13.8333,-88.9167
341,1086,1086,Volcanic activity,El Salvador,SLV,2,13.8333,-88.9167
355,60,60,Drought,Fiji,FJI,3,-18,175
356,195,195,Earthquake,Fiji,FJI,2,-18,175
357,326,326,Epidemic,Fiji,FJI,1,-18,175
358,577,577,Flood,Fiji,FJI,12,-18,175
359,936,936,Storm,Fiji,FJI,44,-18,175
612,104,104,Drought,Mongolia,MNG,1,46,105
613,231,231,Earthquake,Mongolia,MNG,1,46,105
614,374,374,Epidemic,Mongolia,MNG,3,46,105
615,492,492,Extreme temperature,Mongolia,MNG,5,46,105
616,636,636,Flood,Mongolia,MNG,11,46,105
617,815,815,Landslide,Mongolia,MNG,1,46,105
618,993,993,Storm,Mongolia,MNG,12,46,105
619,1160,1160,Wildfire,Mongolia,MNG,3,46,105
727,122,122,Drought,Romania,ROU,2,46,25
728,247,247,Earthquake,Romania,ROU,11,46,25
729,395,395,Epidemic,Romania,ROU,3,46,25
730,505,505,Extreme temperature,Romania,ROU,20,46,25
731,661,661,Flood,Romania,ROU,52,46,25
732,829,829,Landslide,Romania,ROU,1,46,25
733,1021,1021,Storm,Romania,ROU,11,46,25
1005,255,255,Earthquake,Slovenia,SVN,2,46,15
1006,510,510,Extreme temperature,Slovenia,SVN,2,46,15
1007,675,675,Flood,Slovenia,SVN,3,46,15
1008,1039,1039,Storm,Slovenia,SVN,3,46,15
360,61,61,Drought,France,FRA,4,46,2
361,196,196,Earthquake,France,FRA,4,46,2
362,327,327,Epidemic,France,FRA,2,46,2
363,468,468,Extreme temperature,France,FRA,20,46,2
364,579,579,Flood,France,FRA,54,46,2
365,791,791,Landslide,France,FRA,13,46,2
366,938,938,Storm,France,FRA,70,46,2
367,1137,1137,Wildfire,France,FRA,13,46,2
368,62,62,Drought,Gambia (the),GMB,9,13.4667,-16.5667
369,329,329,Epidemic,Gambia (the),GMB,4,13.4667,-16.5667
370,583,583,Flood,Gambia (the),GMB,9,13.4667,-16.5667
371,732,732,Insect infestation,Gambia (the),GMB,4,13.4667,-16.5667
372,941,941,Storm,Gambia (the),GMB,5,13.4667,-16.5667
373,1138,1138,Wildfire,Gambia (the),GMB,1,13.4667,-16.5667
957,203,203,Earthquake,Guam,GUM,1,13.4667,144.7833
958,950,950,Storm,Guam,GUM,9,13.4667,144.7833
1108,493,493,Extreme temperature,Montenegro,MNE,1,42,19
1109,637,637,Flood,Montenegro,MNE,4,42,19
1110,1161,1161,Wildfire,Montenegro,MNE,1,42,19
374,63,63,Drought,Georgia,GEO,1,42,43.5
375,197,197,Earthquake,Georgia,GEO,4,42,43.5
376,584,584,Flood,Georgia,GEO,17,42,43.5
377,942,942,Storm,Georgia,GEO,3,42,43.5
384,65,65,Drought,Greece,GRC,1,39,22
385,201,201,Earthquake,Greece,GRC,42,39,22
386,471,471,Extreme temperature,Greece,GRC,8,39,22
387,588,588,Flood,Greece,GRC,28,39,22
388,947,947,Storm,Greece,GRC,9,39,22
389,1141,1141,Wildfire,Greece,GRC,14,39,22
1015,271,271,Earthquake,Turkey,TUR,110,39,35
1016,428,428,Epidemic,Turkey,TUR,8,39,35
1017,519,519,Extreme temperature,Turkey,TUR,7,39,35
1018,697,697,Flood,Turkey,TUR,47,39,35
1019,847,847,Landslide,Turkey,TUR,14,39,35
1020,881,881,Mass movement (dry),Turkey,TUR,1,39,35
1021,1060,1060,Storm,Turkey,TUR,11,39,35
1022,1190,1190,Wildfire,Turkey,TUR,5,39,35
823,140,140,Drought,Tajikistan,TJK,2,39,71
824,264,264,Earthquake,Tajikistan,TJK,13,39,71
825,422,422,Epidemic,Tajikistan,TJK,6,39,71
826,517,517,Extreme temperature,Tajikistan,TJK,3,39,71
827,690,690,Flood,Tajikistan,TJK,32,39,71
828,754,754,Insect infestation,Tajikistan,TJK,1,39,71
829,843,843,Landslide,Tajikistan,TJK,13,39,71
830,880,880,Mass movement (dry),Tajikistan,TJK,1,39,71
831,1052,1052,Storm,Tajikistan,TJK,2,39,71
390,66,66,Drought,Grenada,GRD,1,12.1167,-61.6667
391,589,589,Flood,Grenada,GRD,1,12.1167,-61.6667
392,948,948,Storm,Grenada,GRD,5,12.1167,-61.6667
393,67,67,Drought,Guatemala,GTM,7,15.5,-90.25
394,204,204,Earthquake,Guatemala,GTM,16,15.5,-90.25
395,333,333,Epidemic,Guatemala,GTM,10,15.5,-90.25
396,472,472,Extreme temperature,Guatemala,GTM,4,15.5,-90.25
397,591,591,Flood,Guatemala,GTM,33,15.5,-90.25
398,795,795,Landslide,Guatemala,GTM,11,15.5,-90.25
399,863,863,Mass movement (dry),Guatemala,GTM,2,15.5,-90.25
400,951,951,Storm,Guatemala,GTM,20,15.5,-90.25
401,1089,1089,Volcanic activity,Guatemala,GTM,13,15.5,-90.25
402,1142,1142,Wildfire,Guatemala,GTM,2,15.5,-90.25
403,68,68,Drought,Guinea,GIN,2,11,-10
404,205,205,Earthquake,Guinea,GIN,1,11,-10
405,334,334,Epidemic,Guinea,GIN,16,11,-10
406,592,592,Flood,Guinea,GIN,14,11,-10
407,796,796,Landslide,Guinea,GIN,1,11,-10
408,952,952,Storm,Guinea,GIN,1,11,-10
409,1143,1143,Wildfire,Guinea,GIN,1,11,-10
858,146,146,Drought,Trinidad and Tobago,TTO,1,11,-61
859,269,269,Earthquake,Trinidad and Tobago,TTO,1,11,-61
860,695,695,Flood,Trinidad and Tobago,TTO,3,11,-61
861,846,846,Landslide,Trinidad and Tobago,TTO,1,11,-61
862,1059,1059,Storm,Trinidad and Tobago,TTO,7,11,-61
863,1108,1108,Volcanic activity,Trinidad and Tobago,TTO,1,11,-61
410,69,69,Drought,Guinea-Bissau,GNB,6,12,-15
411,335,335,Epidemic,Guinea-Bissau,GNB,8,12,-15
412,593,593,Flood,Guinea-Bissau,GNB,4,12,-15
413,733,733,Insect infestation,Guinea-Bissau,GNB,3,12,-15
414,953,953,Storm,Guinea-Bissau,GNB,3,12,-15
415,1144,1144,Wildfire,Guinea-Bissau,GNB,1,12,-15
416,70,70,Drought,Guyana,GUY,3,5,-59
417,594,594,Flood,Guyana,GUY,8,5,-59
432,73,73,Drought,Hong Kong,HKG,7,22.25,114.1667
433,338,338,Epidemic,Hong Kong,HKG,1,22.25,114.1667
434,473,473,Extreme temperature,Hong Kong,HKG,1,22.25,114.1667
435,597,597,Flood,Hong Kong,HKG,25,22.25,114.1667
436,799,799,Landslide,Hong Kong,HKG,6,22.25,114.1667
437,956,956,Storm,Hong Kong,HKG,65,22.25,114.1667
438,1146,1146,Wildfire,Hong Kong,HKG,32,22.25,114.1667
1091,419,419,Epidemic,Switzerland,CHE,1,47,8
1092,515,515,Extreme temperature,Switzerland,CHE,6,47,8
1093,687,687,Flood,Switzerland,CHE,8,47,8
1094,840,840,Landslide,Switzerland,CHE,10,47,8
1095,879,879,Mass movement (dry),Switzerland,CHE,1,47,8
1096,1049,1049,Storm,Switzerland,CHE,33,47,8
439,74,74,Drought,Hungary,HUN,3,47,20
440,208,208,Earthquake,Hungary,HUN,1,47,20
441,474,474,Extreme temperature,Hungary,HUN,6,47,20
442,598,598,Flood,Hungary,HUN,16,47,20
443,957,957,Storm,Hungary,HUN,8,47,20
607,103,103,Drought,Moldova (the Republic of),MDA,3,47,29
608,373,373,Epidemic,Moldova (the Republic of),MDA,1,47,29
609,491,491,Extreme temperature,Moldova (the Republic of),MDA,3,47,29
610,635,635,Flood,Moldova (the Republic of),MDA,7,47,29
611,992,992,Storm,Moldova (the Republic of),MDA,2,47,29
444,76,76,Drought,Indonesia,IDN,10,-5,120
445,211,211,Earthquake,Indonesia,IDN,133,-5,120
446,340,340,Epidemic,Indonesia,IDN,35,-5,120
447,601,601,Flood,Indonesia,IDN,235,-5,120
448,802,802,Landslide,Indonesia,IDN,63,-5,120
449,866,866,Mass movement (dry),Indonesia,IDN,1,-5,120
450,959,959,Storm,Indonesia,IDN,13,-5,120
451,1091,1091,Volcanic activity,Indonesia,IDN,59,-5,120
452,1148,1148,Wildfire,Indonesia,IDN,11,-5,120
620,105,105,Drought,Morocco,MAR,5,32,-5
621,232,232,Earthquake,Morocco,MAR,4,32,-5
622,375,375,Epidemic,Morocco,MAR,1,32,-5
623,494,494,Extreme temperature,Morocco,MAR,6,32,-5
624,638,638,Flood,Morocco,MAR,34,32,-5
625,743,743,Insect infestation,Morocco,MAR,4,32,-5
626,816,816,Landslide,Morocco,MAR,2,32,-5
627,871,871,Mass movement (dry),Morocco,MAR,1,32,-5
628,995,995,Storm,Morocco,MAR,4,32,-5
453,77,77,Drought,Iran (Islamic Republic of),IRN,2,32,53
454,212,212,Earthquake,Iran (Islamic Republic of),IRN,130,32,53
455,341,341,Epidemic,Iran (Islamic Republic of),IRN,3,32,53
456,476,476,Extreme temperature,Iran (Islamic Republic of),IRN,1,32,53
457,602,602,Flood,Iran (Islamic Republic of),IRN,91,32,53
458,735,735,Insect infestation,Iran (Islamic Republic of),IRN,1,32,53
459,803,803,Landslide,Iran (Islamic Republic of),IRN,5,32,53
460,960,960,Storm,Iran (Islamic Republic of),IRN,13,32,53
461,1149,1149,Wildfire,Iran (Islamic Republic of),IRN,1,32,53
1068,389,389,Epidemic,"Palestine, State of",PSE,1,32,35.25
1069,500,500,Extreme temperature,"Palestine, State of",PSE,1,32,35.25
1070,651,651,Flood,"Palestine, State of",PSE,4,32,35.25
1071,1012,1012,Storm,"Palestine, State of",PSE,3,32,35.25
466,79,79,Drought,Israel,ISR,1,31.5,34.75
467,214,214,Earthquake,Israel,ISR,1,31.5,34.75
468,344,344,Epidemic,Israel,ISR,1,31.5,34.75
469,477,477,Extreme temperature,Israel,ISR,2,31.5,34.75
470,605,605,Flood,Israel,ISR,5,31.5,34.75
471,804,804,Landslide,Israel,ISR,1,31.5,34.75
472,962,962,Storm,Israel,ISR,4,31.5,34.75
473,1150,1150,Wildfire,Israel,ISR,5,31.5,34.75
474,80,80,Drought,Italy,ITA,4,42.8333,12.8333
475,215,215,Earthquake,Italy,ITA,43,42.8333,12.8333
476,345,345,Epidemic,Italy,ITA,2,42.8333,12.8333
477,478,478,Extreme temperature,Italy,ITA,11,42.8333,12.8333
478,606,606,Flood,Italy,ITA,52,42.8333,12.8333
479,805,805,Landslide,Italy,ITA,16,42.8333,12.8333
480,963,963,Storm,Italy,ITA,30,42.8333,12.8333
481,1092,1092,Volcanic activity,Italy,ITA,6,42.8333,12.8333
482,1151,1151,Wildfire,Italy,ITA,7,42.8333,12.8333
490,82,82,Drought,Japan,JPN,1,36,138
491,217,217,Earthquake,Japan,JPN,68,36,138
492,347,347,Epidemic,Japan,JPN,3,36,138
493,479,479,Extreme temperature,Japan,JPN,16,36,138
494,608,608,Flood,Japan,JPN,57,36,138
495,807,807,Landslide,Japan,JPN,22,36,138
496,965,965,Storm,Japan,JPN,187,36,138
497,1093,1093,Volcanic activity,Japan,JPN,16,36,138
498,1152,1152,Wildfire,Japan,JPN,1,36,138
499,83,83,Drought,Jordan,JOR,2,31,36
500,218,218,Earthquake,Jordan,JOR,1,31,36
501,348,348,Epidemic,Jordan,JOR,1,31,36
502,480,480,Extreme temperature,Jordan,JOR,2,31,36
503,609,609,Flood,Jordan,JOR,8,31,36
504,736,736,Insect infestation,Jordan,JOR,1,31,36
505,966,966,Storm,Jordan,JOR,3,31,36
506,84,84,Drought,Kenya,KEN,16,1,38
507,220,220,Earthquake,Kenya,KEN,2,1,38
508,350,350,Epidemic,Kenya,KEN,36,1,38
509,611,611,Flood,Kenya,KEN,57,1,38
510,737,737,Insect infestation,Kenya,KEN,1,1,38
511,809,809,Landslide,Kenya,KEN,5,1,38
512,968,968,Storm,Kenya,KEN,1,1,38
767,128,128,Drought,Sao Tome and Principe,STP,1,1,7
768,402,402,Epidemic,Sao Tome and Principe,STP,3,1,7
871,149,149,Drought,Uganda,UGA,9,1,32
872,273,273,Earthquake,Uganda,UGA,6,1,32
873,429,429,Epidemic,Uganda,UGA,41,1,32
874,699,699,Flood,Uganda,UGA,30,1,32
875,757,757,Insect infestation,Uganda,UGA,1,1,32
876,848,848,Landslide,Uganda,UGA,9,1,32
877,1063,1063,Storm,Uganda,UGA,5,1,32
513,85,85,Drought,Kiribati,KIR,1,1.4167,173
514,351,351,Epidemic,Kiribati,KIR,1,1.4167,173
515,612,612,Flood,Kiribati,KIR,2,1.4167,173
516,969,969,Storm,Kiribati,KIR,2,1.4167,173
517,87,87,Drought,Korea (the Republic of),KOR,2,37,127.5
518,221,221,Earthquake,Korea (the Republic of),KOR,2,37,127.5
519,353,353,Epidemic,Korea (the Republic of),KOR,5,37,127.5
520,483,483,Extreme temperature,Korea (the Republic of),KOR,3,37,127.5
521,614,614,Flood,Korea (the Republic of),KOR,39,37,127.5
522,810,810,Landslide,Korea (the Republic of),KOR,9,37,127.5
523,971,971,Storm,Korea (the Republic of),KOR,60,37,127.5
524,1154,1154,Wildfire,Korea (the Republic of),KOR,4,37,127.5
532,89,89,Drought,Lao People's Democratic Republic (the),LAO,6,18,105
533,356,356,Epidemic,Lao People's Democratic Republic (the),LAO,9,18,105
534,617,617,Flood,Lao People's Democratic Republic (the),LAO,28,18,105
535,973,973,Storm,Lao People's Democratic Republic (the),LAO,10,18,105
536,90,90,Drought,Lesotho,LSO,9,-29.5,28.5
537,358,358,Epidemic,Lesotho,LSO,3,-29.5,28.5
538,619,619,Flood,Lesotho,LSO,5,-29.5,28.5
539,976,976,Storm,Lesotho,LSO,7,-29.5,28.5
540,91,91,Drought,Liberia,LBR,1,6.5,-9.5
541,359,359,Epidemic,Liberia,LBR,12,6.5,-9.5
542,486,486,Extreme temperature,Liberia,LBR,1,6.5,-9.5
543,620,620,Flood,Liberia,LBR,6,6.5,-9.5
544,738,738,Insect infestation,Liberia,LBR,1,6.5,-9.5
545,869,869,Mass movement (dry),Liberia,LBR,1,6.5,-9.5
546,977,977,Storm,Liberia,LBR,2,6.5,-9.5
551,93,93,Drought,Macedonia (the former Yugoslav Republic of),MKD,1,41.8333,22
552,225,225,Earthquake,Macedonia (the former Yugoslav Republic of),MKD,1,41.8333,22
553,361,361,Epidemic,Macedonia (the former Yugoslav Republic of),MKD,1,41.8333,22
554,489,489,Extreme temperature,Macedonia (the former Yugoslav Republic of),MKD,6,41.8333,22
555,624,624,Flood,Macedonia (the former Yugoslav Republic of),MKD,11,41.8333,22
556,981,981,Storm,Macedonia (the former Yugoslav Republic of),MKD,1,41.8333,22
557,1157,1157,Wildfire,Macedonia (the former Yugoslav Republic of),MKD,2,41.8333,22
921,160,160,Drought,Zimbabwe,ZWE,8,-20,30
922,440,440,Epidemic,Zimbabwe,ZWE,23,-20,30
923,714,714,Flood,Zimbabwe,ZWE,12,-20,30
924,1075,1075,Storm,Zimbabwe,ZWE,8,-20,30
558,94,94,Drought,Madagascar,MDG,10,-20,47
559,362,362,Epidemic,Madagascar,MDG,8,-20,47
560,625,625,Flood,Madagascar,MDG,9,-20,47
561,740,740,Insect infestation,Madagascar,MDG,2,-20,47
562,982,982,Storm,Madagascar,MDG,60,-20,47
853,145,145,Drought,Tonga,TON,1,-20,-175
854,268,268,Earthquake,Tonga,TON,2,-20,-175
855,427,427,Epidemic,Tonga,TON,2,-20,-175
856,1058,1058,Storm,Tonga,TON,18,-20,-175
857,1107,1107,Volcanic activity,Tonga,TON,1,-20,-175
563,95,95,Drought,Malawi,MWI,8,-13.5,34
564,226,226,Earthquake,Malawi,MWI,3,-13.5,34
565,363,363,Epidemic,Malawi,MWI,15,-13.5,34
566,626,626,Flood,Malawi,MWI,42,-13.5,34
567,812,812,Landslide,Malawi,MWI,1,-13.5,34
568,983,983,Storm,Malawi,MWI,3,-13.5,34
569,96,96,Drought,Malaysia,MYS,2,2.5,112.5
570,227,227,Earthquake,Malaysia,MYS,2,2.5,112.5
571,364,364,Epidemic,Malaysia,MYS,13,2.5,112.5
572,627,627,Flood,Malaysia,MYS,58,2.5,112.5
573,813,813,Landslide,Malaysia,MYS,4,2.5,112.5
574,870,870,Mass movement (dry),Malaysia,MYS,1,2.5,112.5
575,984,984,Storm,Malaysia,MYS,8,2.5,112.5
576,1158,1158,Wildfire,Malaysia,MYS,4,2.5,112.5
577,97,97,Drought,Mali,MLI,12,17,-4
578,366,366,Epidemic,Mali,MLI,19,17,-4
579,629,629,Flood,Mali,MLI,26,17,-4
580,741,741,Insect infestation,Mali,MLI,5,17,-4
590,100,100,Drought,Mauritius,MUS,1,-20.2833,57.55
591,370,370,Epidemic,Mauritius,MUS,2,-20.2833,57.55
592,632,632,Flood,Mauritius,MUS,1,-20.2833,57.55
593,989,989,Storm,Mauritius,MUS,19,-20.2833,57.55
594,101,101,Drought,Mexico,MEX,7,23,-102
595,230,230,Earthquake,Mexico,MEX,42,23,-102
596,371,371,Epidemic,Mexico,MEX,3,23,-102
597,490,490,Extreme temperature,Mexico,MEX,17,23,-102
598,633,633,Flood,Mexico,MEX,74,23,-102
599,814,814,Landslide,Mexico,MEX,12,23,-102
600,990,990,Storm,Mexico,MEX,114,23,-102
601,1095,1095,Volcanic activity,Mexico,MEX,10,23,-102
602,1159,1159,Wildfire,Mexico,MEX,5,23,-102
603,102,102,Drought,Micronesia (Federated States of),FSM,2,6.9167,158.25
604,372,372,Epidemic,Micronesia (Federated States of),FSM,1,6.9167,158.25
605,634,634,Flood,Micronesia (Federated States of),FSM,1,6.9167,158.25
606,991,991,Storm,Micronesia (Federated States of),FSM,7,6.9167,158.25
629,106,106,Drought,Mozambique,MOZ,14,-18.25,35
630,233,233,Earthquake,Mozambique,MOZ,1,-18.25,35
631,376,376,Epidemic,Mozambique,MOZ,29,-18.25,35
632,639,639,Flood,Mozambique,MOZ,41,-18.25,35
633,744,744,Insect infestation,Mozambique,MOZ,1,-18.25,35
634,817,817,Landslide,Mozambique,MOZ,2,-18.25,35
635,996,996,Storm,Mozambique,MOZ,27,-18.25,35
636,1162,1162,Wildfire,Mozambique,MOZ,1,-18.25,35
649,109,109,Drought,New Zealand,NZL,2,-41,174
650,237,237,Earthquake,New Zealand,NZL,10,-41,174
651,382,382,Epidemic,New Zealand,NZL,2,-41,174
652,497,497,Extreme temperature,New Zealand,NZL,1,-41,174
653,644,644,Flood,New Zealand,NZL,41,-41,174
654,820,820,Landslide,New Zealand,NZL,1,-41,174
655,1002,1002,Storm,New Zealand,NZL,13,-41,174
656,1097,1097,Volcanic activity,New Zealand,NZL,3,-41,174
657,1165,1165,Wildfire,New Zealand,NZL,2,-41,174
665,113,113,Drought,Pakistan,PAK,2,30,70
666,239,239,Earthquake,Pakistan,PAK,35,30,70
667,387,387,Epidemic,Pakistan,PAK,12,30,70
668,499,499,Extreme temperature,Pakistan,PAK,18,30,70
669,650,650,Flood,Pakistan,PAK,106,30,70
670,747,747,Insect infestation,Pakistan,PAK,2,30,70
671,824,824,Landslide,Pakistan,PAK,23,30,70
672,874,874,Mass movement (dry),Pakistan,PAK,2,30,70
673,1010,1010,Storm,Pakistan,PAK,29,30,70
832,141,141,Drought,"Tanzania, United Republic of",TZA,10,-6,35
833,265,265,Earthquake,"Tanzania, United Republic of",TZA,7,-6,35
834,423,423,Epidemic,"Tanzania, United Republic of",TZA,33,-6,35
835,691,691,Flood,"Tanzania, United Republic of",TZA,51,-6,35
836,755,755,Insect infestation,"Tanzania, United Republic of",TZA,3,-6,35
837,844,844,Landslide,"Tanzania, United Republic of",TZA,1,-6,35
838,1053,1053,Storm,"Tanzania, United Republic of",TZA,6,-6,35
839,1187,1187,Wildfire,"Tanzania, United Republic of",TZA,1,-6,35
674,115,115,Drought,Papua New Guinea,PNG,3,-6,147
675,241,241,Earthquake,Papua New Guinea,PNG,18,-6,147
676,391,391,Epidemic,Papua New Guinea,PNG,7,-6,147
677,653,653,Flood,Papua New Guinea,PNG,19,-6,147
678,825,825,Landslide,Papua New Guinea,PNG,14,-6,147
679,875,875,Mass movement (dry),Papua New Guinea,PNG,2,-6,147
680,1014,1014,Storm,Papua New Guinea,PNG,7,-6,147
681,1100,1100,Volcanic activity,Papua New Guinea,PNG,17,-6,147
682,1168,1168,Wildfire,Papua New Guinea,PNG,1,-6,147
683,116,116,Drought,Paraguay,PRY,9,-23,-58
684,392,392,Epidemic,Paraguay,PRY,9,-23,-58
685,501,501,Extreme temperature,Paraguay,PRY,3,-23,-58
686,654,654,Flood,Paraguay,PRY,28,-23,-58
687,1015,1015,Storm,Paraguay,PRY,8,-23,-58
688,1169,1169,Wildfire,Paraguay,PRY,2,-23,-58
710,119,119,Drought,Poland,POL,1,52,20
711,244,244,Earthquake,Poland,POL,1,52,20
712,503,503,Extreme temperature,Poland,POL,19,52,20
713,657,657,Flood,Poland,POL,15,52,20
714,1018,1018,Storm,Poland,POL,19,52,20
715,1172,1172,Wildfire,Poland,POL,2,52,20
716,120,120,Drought,Portugal,PRT,3,39.5,-8
717,245,245,Earthquake,Portugal,PRT,2,39.5,-8
718,504,504,Extreme temperature,Portugal,PRT,6,39.5,-8
719,658,658,Flood,Portugal,PRT,14,39.5,-8
720,1019,1019,Storm,Portugal,PRT,11,39.5,-8
721,1173,1173,Wildfire,Portugal,PRT,14,39.5,-8
750,125,125,Drought,Saint Lucia,LCA,1,13.8833,-61.1333
751,250,250,Earthquake,Saint Lucia,LCA,1,13.8833,-61.1333
752,399,399,Epidemic,Saint Lucia,LCA,1,13.8833,-61.1333
753,665,665,Flood,Saint Lucia,LCA,2,13.8833,-61.1333
754,833,833,Landslide,Saint Lucia,LCA,1,13.8833,-61.1333
755,1028,1028,Storm,Saint Lucia,LCA,14,13.8833,-61.1333
756,126,126,Drought,Saint Vincent and the Grenadines,VCT,1,13.25,-61.2
757,400,400,Epidemic,Saint Vincent and the Grenadines,VCT,1,13.25,-61.2
758,666,666,Flood,Saint Vincent and the Grenadines,VCT,7,13.25,-61.2
759,1030,1030,Storm,Saint Vincent and the Grenadines,VCT,10,13.25,-61.2
760,1104,1104,Volcanic activity,Saint Vincent and the Grenadines,VCT,3,13.25,-61.2
761,127,127,Drought,Samoa,WSM,1,-13.5833,-172.3333
762,251,251,Earthquake,Samoa,WSM,1,-13.5833,-172.3333
763,401,401,Epidemic,Samoa,WSM,1,-13.5833,-172.3333
764,667,667,Flood,Samoa,WSM,1,-13.5833,-172.3333
765,1031,1031,Storm,Samoa,WSM,11,-13.5833,-172.3333
766,1175,1175,Wildfire,Samoa,WSM,1,-13.5833,-172.3333
769,129,129,Drought,Senegal,SEN,10,14,-14
770,404,404,Epidemic,Senegal,SEN,12,14,-14
771,669,669,Flood,Senegal,SEN,23,14,-14
772,751,751,Insect infestation,Senegal,SEN,5,14,-14
773,1033,1033,Storm,Senegal,SEN,3,14,-14
774,130,130,Drought,Solomon Islands,SLB,3,-8,159
775,256,256,Earthquake,Solomon Islands,SLB,9,-8,159
776,409,409,Epidemic,Solomon Islands,SLB,2,-8,159
777,676,676,Flood,Solomon Islands,SLB,5,-8,159
778,1040,1040,Storm,Solomon Islands,SLB,19,-8,159
779,1105,1105,Volcanic activity,Solomon Islands,SLB,1,-8,159
869,148,148,Drought,Tuvalu,TUV,1,-8,178
870,1062,1062,Storm,Tuvalu,TUV,7,-8,178
786,132,132,Drought,South Africa,ZAF,11,-29,24
787,258,258,Earthquake,South Africa,ZAF,5,-29,24
788,411,411,Epidemic,South Africa,ZAF,7,-29,24
789,511,511,Extreme temperature,South Africa,ZAF,3,-29,24
790,678,678,Flood,South Africa,ZAF,41,-29,24
791,835,835,Landslide,South Africa,ZAF,1,-29,24
792,1042,1042,Storm,South Africa,ZAF,31,-29,24
793,1179,1179,Wildfire,South Africa,ZAF,10,-29,24
812,138,138,Drought,Swaziland,SWZ,7,-26.5,31.5
813,417,417,Epidemic,Swaziland,SWZ,3,-26.5,31.5
814,685,685,Flood,Swaziland,SWZ,3,-26.5,31.5
815,1047,1047,Storm,Swaziland,SWZ,3,-26.5,31.5
816,1184,1184,Wildfire,Swaziland,SWZ,1,-26.5,31.5
848,143,143,Drought,Timor-Leste,TLS,2,-8.55,125.5167
849,267,267,Earthquake,Timor-Leste,TLS,1,-8.55,125.5167
850,425,425,Epidemic,Timor-Leste,TLS,2,-8.55,125.5167
851,693,693,Flood,Timor-Leste,TLS,6,-8.55,125.5167
852,1055,1055,Storm,Timor-Leste,TLS,1,-8.55,125.5167
864,147,147,Drought,Tunisia,TUN,2,34,9
865,270,270,Earthquake,Tunisia,TUN,1,34,9
866,696,696,Flood,Tunisia,TUN,18,34,9
867,756,756,Insect infestation,Tunisia,TUN,2,34,9
868,1189,1189,Wildfire,Tunisia,TUN,1,34,9
878,150,150,Drought,Ukraine,UKR,1,49,32
879,430,430,Epidemic,Ukraine,UKR,3,49,32
880,520,520,Extreme temperature,Ukraine,UKR,8,49,32
881,700,700,Flood,Ukraine,UKR,16,49,32
882,1064,1064,Storm,Ukraine,UKR,8,49,32
883,1191,1191,Wildfire,Ukraine,UKR,2,49,32
884,151,151,Drought,United States of America (the),USA,17,38,-97
885,275,275,Earthquake,United States of America (the),USA,45,38,-97
886,432,432,Epidemic,United States of America (the),USA,5,38,-97
887,522,522,Extreme temperature,United States of America (the),USA,36,38,-97
888,703,703,Flood,United States of America (the),USA,191,38,-97
889,850,850,Landslide,United States of America (the),USA,6,38,-97
890,1066,1066,Storm,United States of America (the),USA,670,38,-97
891,1109,1109,Volcanic activity,United States of America (the),USA,2,38,-97
892,1192,1192,Wildfire,United States of America (the),USA,87,38,-97
893,152,152,Drought,Uruguay,URY,2,-33,-56
894,523,523,Extreme temperature,Uruguay,URY,4,-33,-56
895,704,704,Flood,Uruguay,URY,21,-33,-56
896,1067,1067,Storm,Uruguay,URY,7,-33,-56
916,159,159,Drought,Zambia,ZMB,5,-15,30
917,439,439,Epidemic,Zambia,ZMB,19,-15,30
918,713,713,Flood,Zambia,ZMB,22,-15,30
919,760,760,Insect infestation,Zambia,ZMB,2,-15,30
920,856,856,Landslide,Zambia,ZMB,1,-15,30
1121,581,581,Flood,French Polynesia,PYF,1,-15,-140
1122,793,793,Landslide,French Polynesia,PYF,3,-15,-140
1123,939,939,Storm,French Polynesia,PYF,4,-15,-140
925,164,164,Earthquake,American Samoa,ASM,1,-14.3333,-170
926,528,528,Flood,American Samoa,ASM,1,-14.3333,-170
927,886,886,Storm,American Samoa,ASM,4,-14.3333,-170
928,168,168,Earthquake,Austria,AUT,1,47.3333,13.3333
929,447,447,Extreme temperature,Austria,AUT,6,47.3333,13.3333
930,534,534,Flood,Austria,AUT,17,47.3333,13.3333
931,768,768,Landslide,Austria,AUT,8,47.3333,13.3333
932,892,892,Storm,Austria,AUT,20,47.3333,13.3333
933,174,174,Earthquake,Bhutan,BTN,2,27.5,90.5
934,295,295,Epidemic,Bhutan,BTN,2,27.5,90.5
935,543,543,Flood,Bhutan,BTN,3,27.5,90.5
936,902,902,Storm,Bhutan,BTN,2,27.5,90.5
937,1118,1118,Wildfire,Bhutan,BTN,1,27.5,90.5
938,189,189,Earthquake,Dominica,DMA,1,15.4167,-61.3333
939,930,930,Storm,Dominica,DMA,14,15.4167,-61.3333
940,192,192,Earthquake,Egypt,EGY,6,27,30
941,322,322,Epidemic,Egypt,EGY,3,27,30
942,465,465,Extreme temperature,Egypt,EGY,4,27,30
943,573,573,Flood,Egypt,EGY,13,27,30
944,861,861,Mass movement (dry),Egypt,EGY,2,27,30
945,932,932,Storm,Egypt,EGY,8,27,30
946,198,198,Earthquake,Germany,DEU,2,51,9
947,330,330,Epidemic,Germany,DEU,2,51,9
948,469,469,Extreme temperature,Germany,DEU,13,51,9
949,585,585,Flood,Germany,DEU,17,51,9
950,794,794,Landslide,Germany,DEU,1,51,9
951,943,943,Storm,Germany,DEU,45,51,9
952,202,202,Earthquake,Guadeloupe,GLP,1,16.25,-61.5833
953,332,332,Epidemic,Guadeloupe,GLP,1,16.25,-61.5833
954,590,590,Flood,Guadeloupe,GLP,1,16.25,-61.5833
955,949,949,Storm,Guadeloupe,GLP,13,16.25,-61.5833
956,1088,1088,Volcanic activity,Guadeloupe,GLP,1,16.25,-61.5833
959,209,209,Earthquake,Iceland,ISL,3,65,-18
960,599,599,Flood,Iceland,ISL,1,65,-18
961,800,800,Landslide,Iceland,ISL,4,65,-18
962,1090,1090,Volcanic activity,Iceland,ISL,5,65,-18
963,219,219,Earthquake,Kazakhstan,KAZ,2,48,68
964,349,349,Epidemic,Kazakhstan,KAZ,3,48,68
965,481,481,Extreme temperature,Kazakhstan,KAZ,3,48,68
966,610,610,Flood,Kazakhstan,KAZ,14,48,68
967,808,808,Landslide,Kazakhstan,KAZ,1,48,68
968,967,967,Storm,Kazakhstan,KAZ,1,48,68
969,1153,1153,Wildfire,Kazakhstan,KAZ,1,48,68
970,223,223,Earthquake,Lebanon,LBN,1,33.8333,35.8333
971,618,618,Flood,Lebanon,LBN,3,33.8333,35.8333
972,868,868,Mass movement (dry),Lebanon,LBN,1,33.8333,35.8333
973,975,975,Storm,Lebanon,LBN,7,33.8333,35.8333
974,1156,1156,Wildfire,Lebanon,LBN,2,33.8333,35.8333
1076,403,403,Epidemic,Saudi Arabia,SAU,3,25,45
1077,668,668,Flood,Saudi Arabia,SAU,24,25,45
1078,1032,1032,Storm,Saudi Arabia,SAU,2,25,45
975,224,224,Earthquake,Libya,LBY,1,25,17
976,621,621,Flood,Libya,LBY,3,25,17
977,739,739,Insect infestation,Libya,LBY,1,25,17
978,228,228,Earthquake,Maldives,MDV,1,3.25,73
979,365,365,Epidemic,Maldives,MDV,2,3.25,73
980,628,628,Flood,Maldives,MDV,3,3.25,73
981,985,985,Storm,Maldives,MDV,1,3.25,73
982,229,229,Earthquake,Martinique,MTQ,1,14.6667,-61
983,368,368,Epidemic,Martinique,MTQ,1,14.6667,-61
984,987,987,Storm,Martinique,MTQ,15,14.6667,-61
985,1094,1094,Volcanic activity,Martinique,MTQ,1,14.6667,-61
986,234,234,Earthquake,Myanmar,MMR,10,22,98
987,377,377,Epidemic,Myanmar,MMR,4,22,98
988,640,640,Flood,Myanmar,MMR,35,22,98
989,818,818,Landslide,Myanmar,MMR,10,22,98
990,872,872,Mass movement (dry),Myanmar,MMR,1,22,98
991,997,997,Storm,Myanmar,MMR,21,22,98
992,1163,1163,Wildfire,Myanmar,MMR,2,22,98
993,236,236,Earthquake,Netherlands (the),NLD,1,52.5,5.75
994,380,380,Epidemic,Netherlands (the),NLD,1,52.5,5.75
995,496,496,Extreme temperature,Netherlands (the),NLD,8,52.5,5.75
996,643,643,Flood,Netherlands (the),NLD,4,52.5,5.75
997,999,999,Storm,Netherlands (the),NLD,25,52.5,5.75
1001,254,254,Earthquake,Seychelles,SYC,1,-4.5833,55.6667
1002,406,406,Epidemic,Seychelles,SYC,2,-4.5833,55.6667
1003,672,672,Flood,Seychelles,SYC,2,-4.5833,55.6667
1004,1035,1035,Storm,Seychelles,SYC,2,-4.5833,55.6667
1009,263,263,Earthquake,Taiwan (Province of China),TWN,32,23.5,121
1010,421,421,Epidemic,Taiwan (Province of China),TWN,2,23.5,121
1011,516,516,Extreme temperature,Taiwan (Province of China),TWN,1,23.5,121
1012,689,689,Flood,Taiwan (Province of China),TWN,9,23.5,121
1013,842,842,Landslide,Taiwan (Province of China),TWN,1,23.5,121
1014,1051,1051,Storm,Taiwan (Province of China),TWN,85,23.5,121
1025,274,274,Earthquake,United Kingdom of Great Britain and Northern Ireland (the),GBR,2,54,-2
1026,431,431,Epidemic,United Kingdom of Great Britain and Northern Ireland (the),GBR,4,54,-2
1027,521,521,Extreme temperature,United Kingdom of Great Britain and Northern Ireland (the),GBR,12,54,-2
1028,702,702,Flood,United Kingdom of Great Britain and Northern Ireland (the),GBR,36,54,-2
1029,715,715,Fog,United Kingdom of Great Britain and Northern Ireland (the),GBR,1,54,-2
1030,849,849,Landslide,United Kingdom of Great Britain and Northern Ireland (the),GBR,1,54,-2
1031,1065,1065,Storm,United Kingdom of Great Britain and Northern Ireland (the),GBR,42,54,-2
1032,277,277,Earthquake,Vanuatu,VUT,8,-16,167
1033,434,434,Epidemic,Vanuatu,VUT,2,-16,167
1034,706,706,Flood,Vanuatu,VUT,2,-16,167
1035,852,852,Landslide,Vanuatu,VUT,1,-16,167
1036,1068,1068,Storm,Vanuatu,VUT,29,-16,167
1037,1110,1110,Volcanic activity,Vanuatu,VUT,7,-16,167
1038,279,279,Earthquake,Wallis and Futuna,WLF,1,-13.3,-176.2
1039,1073,1073,Storm,Wallis and Futuna,WLF,4,-13.3,-176.2
1040,290,290,Epidemic,Bahrain,BHR,1,26,50.55
1051,343,343,Epidemic,Ireland,IRL,2,53,-8
1052,604,604,Flood,Ireland,IRL,6,53,-8
1053,961,961,Storm,Ireland,IRL,16,53,-8
1041,292,292,Epidemic,Belarus,BLR,2,53,28
1042,450,450,Extreme temperature,Belarus,BLR,6,53,28
1043,539,539,Flood,Belarus,BLR,4,53,28
1044,897,897,Storm,Belarus,BLR,2,53,28
1045,314,314,Epidemic,Cook Islands (the),COK,3,-21.2333,-159.7667
1046,921,921,Storm,Cook Islands (the),COK,11,-21.2333,-159.7667
1047,324,324,Epidemic,Equatorial Guinea,GNQ,1,2,10
1054,354,354,Epidemic,Kuwait,KWT,1,29.3375,47.6581
1055,615,615,Flood,Kuwait,KWT,2,29.3375,47.6581
1056,357,357,Epidemic,Latvia,LVA,1,57,25
1057,485,485,Extreme temperature,Latvia,LVA,4,57,25
1058,974,974,Storm,Latvia,LVA,3,57,25
1059,1155,1155,Wildfire,Latvia,LVA,1,57,25
1060,360,360,Epidemic,Macao,MAC,1,22.1667,113.55
1061,980,980,Storm,Macao,MAC,6,22.1667,113.55
1062,381,381,Epidemic,New Caledonia,NCL,1,-21.5,165.5
1063,1001,1001,Storm,New Caledonia,NCL,16,-21.5,165.5
1064,386,386,Epidemic,Niue,NIU,1,-19.0333,-169.8667
1065,1006,1006,Storm,Niue,NIU,5,-19.0333,-169.8667
1066,388,388,Epidemic,Palau,PLW,1,7.5,134.5
1067,1011,1011,Storm,Palau,PLW,2,7.5,134.5
1072,398,398,Epidemic,Réunion,REU,1,-21.1,55.6
1073,832,832,Landslide,Réunion,REU,1,-21.1,55.6
1074,1024,1024,Storm,Réunion,REU,11,-21.1,55.6
1075,1103,1103,Volcanic activity,Réunion,REU,1,-21.1,55.6
1079,407,407,Epidemic,Sierra Leone,SLE,16,8.5,-11.5
1080,673,673,Flood,Sierra Leone,SLE,10,8.5,-11.5
1081,834,834,Landslide,Sierra Leone,SLE,2,8.5,-11.5
1082,1036,1036,Storm,Sierra Leone,SLE,3,8.5,-11.5
1083,1177,1177,Wildfire,Sierra Leone,SLE,1,8.5,-11.5
1084,408,408,Epidemic,Singapore,SGP,4,1.3667,103.8
1085,418,418,Epidemic,Sweden,SWE,2,62,15
1086,514,514,Extreme temperature,Sweden,SWE,1,62,15
1087,686,686,Flood,Sweden,SWE,2,62,15
1088,839,839,Landslide,Sweden,SWE,1,62,15
1089,1048,1048,Storm,Sweden,SWE,8,62,15
1090,1185,1185,Wildfire,Sweden,SWE,1,62,15
1124,648,648,Flood,Norway,NOR,3,62,10
1125,823,823,Landslide,Norway,NOR,3,62,10
1126,1008,1008,Storm,Norway,NOR,7,62,10
1097,452,452,Extreme temperature,Belize,BLZ,1,17.25,-88.75
1098,541,541,Flood,Belize,BLZ,5,17.25,-88.75
1099,899,899,Storm,Belize,BLZ,16,17.25,-88.75
1100,463,463,Extreme temperature,Czech Republic (the),CZE,6,49.75,15.5
1101,567,567,Flood,Czech Republic (the),CZE,13,49.75,15.5
1102,926,926,Storm,Czech Republic (the),CZE,8,49.75,15.5
1105,488,488,Extreme temperature,Luxembourg,LUX,1,49.75,6.1667
1106,623,623,Flood,Luxembourg,LUX,2,49.75,6.1667
1107,979,979,Storm,Luxembourg,LUX,9,49.75,6.1667
1103,467,467,Extreme temperature,Estonia,EST,3,59,26
1104,935,935,Storm,Estonia,EST,1,59,26
1111,509,509,Extreme temperature,Slovakia,SVK,5,48.6667,19.5
1112,674,674,Flood,Slovakia,SVK,13,48.6667,19.5
1113,1038,1038,Storm,Slovakia,SVK,3,48.6667,19.5
1114,1178,1178,Wildfire,Slovakia,SVK,1,48.6667,19.5
1115,536,536,Flood,Bahamas (the),BHS,2,24.25,-76
1116,894,894,Storm,Bahamas (the),BHS,26,24.25,-76
1117,578,578,Flood,Finland,FIN,1,64,26
1118,937,937,Storm,Finland,FIN,2,64,26
1127,649,649,Flood,Oman,OMN,4,21,57
1128,1009,1009,Storm,Oman,OMN,11,21,57
1129,660,660,Flood,Qatar,QAT,1,25.5,51.25
1130,664,664,Flood,Saint Kitts and Nevis,KNA,1,17.3333,-62.75
1131,1027,1027,Storm,Saint Kitts and Nevis,KNA,9,17.3333,-62.75
1134,901,901,Storm,Bermuda,BMU,6,32.3333,-64.75
1135,913,913,Storm,Cayman Islands (the),CYM,7,19.5,-80.5
1136,994,994,Storm,Montserrat,MSR,4,16.75,-62.2
1137,1096,1096,Volcanic activity,Montserrat,MSR,4,16.75,-62.2
1138,1000,1000,Storm,Netherlands Antilles,ANT,4,12.25,-68.75
1139,1007,1007,Storm,Northern Mariana Islands (the),MNP,4,15.2,145.75
1140,1099,1099,Volcanic activity,Northern Mariana Islands (the),MNP,1,15.2,145.75
1141,1026,1026,Storm,"Saint Helena, Ascension and Tristan da Cunha",SHN,1,-15.9333,-5.7
1142,1057,1057,Storm,Tokelau,TKL,6,-9,-172
1143,1061,1061,Storm,Turks and Caicos Islands (the),TCA,7,21.75,-71.5833
1144,1071,1071,Storm,Virgin Island (British),VGB,4,18.5,-64.5
1145,1072,1072,Storm,Virgin Island (U.S.),VIR,8,18.3333,-64.8333
1146,1121,1121,Wildfire,Brunei Darussalam,BRN,1,4.5,114.6667
